{"energy": 214.4054740065965, "energy_cost": 29.746733958660254, "max_temp_violation": 0.729401562326359, "total_temp_violation": 12.142957444090442, "core_Zone_temp_violation": 0.6450462882788628, "east_Zone_temp_violation": 1.6668011481817615, "north_Zone_temp_violation": 0.7925008888878864, "south_Zone_temp_violation": 4.851694522301699, "west_Zone_temp_violation": 4.186914596440232, "high_price_period_load": 81.08642539949736, "low_price_period_load": 133.31904860709915}