{"energy": 185.51711245767825, "energy_cost": 27.828220461952533, "max_temp_violation": 0.7282065041895294, "total_temp_violation": 12.298321658870933, "core_Zone_temp_violation": 0.656968089279161, "east_Zone_temp_violation": 1.7192949097354244, "north_Zone_temp_violation": 0.7968704865784417, "south_Zone_temp_violation": 4.910349311071485, "west_Zone_temp_violation": 4.21483886220642, "high_price_period_load": 78.90263922525436, "low_price_period_load": 106.61447323242385}