{"energy": 135.53012417556147, "energy_cost": 27.812572419925743, "max_temp_violation": 1.5494601805893353, "total_temp_violation": 20.50090848329063, "core_Zone_temp_violation": 1.311493122671294, "east_Zone_temp_violation": 2.950843875305779, "north_Zone_temp_violation": 1.7346496176136839, "south_Zone_temp_violation": 8.140076466578634, "west_Zone_temp_violation": 6.363845401121239, "high_price_period_load": 107.9247636505936, "low_price_period_load": 27.605360524967892}