{"energy": 138.69495611814904, "energy_cost": 33.516750869551196, "max_temp_violation": 1.4193523522018836, "total_temp_violation": 17.32431679628344, "core_Zone_temp_violation": 0.962574830873038, "east_Zone_temp_violation": 2.6154435516339447, "north_Zone_temp_violation": 1.2298579042640938, "south_Zone_temp_violation": 7.076180712787163, "west_Zone_temp_violation": 5.440259796725201, "high_price_period_load": 125.05673991211677, "low_price_period_load": 13.638216206032261}