{"energy": 195.9294455772663, "energy_cost": 28.599503301280688, "max_temp_violation": 0.7285232197692721, "total_temp_violation": 12.227591006015956, "core_Zone_temp_violation": 0.6491963280652016, "east_Zone_temp_violation": 1.6831883624782904, "north_Zone_temp_violation": 0.8043459983364158, "south_Zone_temp_violation": 4.890805537212856, "west_Zone_temp_violation": 4.200054779923192, "high_price_period_load": 80.2786290567583, "low_price_period_load": 115.65081652050799}