{"energy": 209.80935359621728, "energy_cost": 29.493274382675168, "max_temp_violation": 0.7289906475063503, "total_temp_violation": 12.230097494285843, "core_Zone_temp_violation": 0.644803741653277, "east_Zone_temp_violation": 1.6861835746838238, "north_Zone_temp_violation": 0.7907747981041524, "south_Zone_temp_violation": 4.924185721552078, "west_Zone_temp_violation": 4.184149658292512, "high_price_period_load": 80.3072134186528, "low_price_period_load": 129.5021401775645}