{"energy": 171.92334615655017, "energy_cost": 28.12265163062838, "max_temp_violation": 0.9796410788088679, "total_temp_violation": 14.487672021444666, "core_Zone_temp_violation": 0.7796300266410583, "east_Zone_temp_violation": 2.3338557038396317, "north_Zone_temp_violation": 0.926230344308479, "south_Zone_temp_violation": 5.761433094424433, "west_Zone_temp_violation": 4.6865228522310645, "high_price_period_load": 100.19980028623115, "low_price_period_load": 71.723545870319}