{"energy": 174.6634328256121, "energy_cost": 29.89440169142309, "max_temp_violation": 1.1048464640326188, "total_temp_violation": 14.849218275088887, "core_Zone_temp_violation": 0.7331882179186948, "east_Zone_temp_violation": 2.3131606581445965, "north_Zone_temp_violation": 1.0026123142794603, "south_Zone_temp_violation": 6.127021637605694, "west_Zone_temp_violation": 4.673235447140442, "high_price_period_load": 111.73050978312082, "low_price_period_load": 62.932923042491254}