{"energy": 160.3875694970821, "energy_cost": 28.871989305505465, "max_temp_violation": 1.1075515519848977, "total_temp_violation": 14.95486406616385, "core_Zone_temp_violation": 0.7468331263411301, "east_Zone_temp_violation": 2.3782417504410773, "north_Zone_temp_violation": 1.008692248032375, "south_Zone_temp_violation": 6.135945849555, "west_Zone_temp_violation": 4.685151091794268, "high_price_period_load": 111.38740250695577, "low_price_period_load": 49.00016699012631}