{"energy": 258.3249756286041, "energy_cost": 35.197559136365555, "max_temp_violation": 0.7289216741964424, "total_temp_violation": 12.138729719724168, "core_Zone_temp_violation": 0.6429763947309937, "east_Zone_temp_violation": 1.6684327125964415, "north_Zone_temp_violation": 0.7903685159096909, "south_Zone_temp_violation": 4.851098823806069, "west_Zone_temp_violation": 4.185853272680973, "high_price_period_load": 116.33827453923894, "low_price_period_load": 141.98670108936514}