{"energy": 231.95808520629217, "energy_cost": 31.36000826275084, "max_temp_violation": 0.7291273735709183, "total_temp_violation": 12.13258416528329, "core_Zone_temp_violation": 0.6425714166984733, "east_Zone_temp_violation": 1.6682046302431814, "north_Zone_temp_violation": 0.7900276296512487, "south_Zone_temp_violation": 4.847543893420848, "west_Zone_temp_violation": 4.184236595269539, "high_price_period_load": 87.70855885607253, "low_price_period_load": 144.24952635021964}