{"u_opt": [[0.46088608991164093, 0.4941128579825075], [0.4609075210652639, 0.49404372195690477], [0.4609057615708604, 0.49404936483968576], [0.46090393008487807, 0.4940552448497206], [0.46090201847156287, 0.494061388921686], [0.46090026145791213, 0.49406704225332065], [0.48, 0.5], [0.48, 0.5], [0.48, 0.5], [0.48, 0.5], [0.48, 0.5], [0.48, 0.5], [0.5, 0.48], [0.5, 0.48], [0.5, 0.48], [0.5, 0.48], [0.5, 0.48], [0.5, 0.48], [0.5, 0.48], [0.48, 0.5], [0.48, 0.5], [0.48, 0.5], [0.48, 0.5], [0.48, 0.5]], "t_opt": [18576000.0, 18579600.0, 18583200.0, 18586800.0, 18590400.0, 18594000.0, 18597600.0, 18601200.0, 18604800.0, 18608400.0, 18612000.0, 18615600.0, 18619200.0, 18622800.0, 18626400.0, 18630000.0, 18633600.0, 18637200.0, 18640800.0, 18644400.0, 18648000.0, 18651600.0, 18655200.0, 18658800.0]}