{"u_opt": [[0.4637180158758357, 0.4952393204316663], [0.464031545682751, 0.49479369507322785], [0.46402914295948006, 0.49479732086495576], [0.46369170464077125, 0.4946918683910086], [0.46323866579282574, 0.49454905058286436], [0.5004999999318194, 0.49980022268511626], [0.49498432544918464, 0.5003749658167733], [0.4950419186100016, 0.5003167735271355], [0.4949589675175918, 0.5002899829502452], [0.4951166666980496, 0.5004592741010686], [0.4948474585054795, 0.5009799445251611], [0.4996110519061202, 0.49818528700231757], [0.5000501806214962, 0.49993596366268506], [0.500065793450061, 0.5002587920165495], [0.500285422716246, 0.5003822306482394], [0.500424161285381, 0.4951169122034973], [0.5045647249909133, 0.5039872286286979], [0.47911471324798194, 0.5016720332174276], [0.4780555286585814, 0.5020288430387748], [0.4948228824464146, 0.46446850645197424], [0.4636628976819991, 0.49455430088443575], [0.4624451761604338, 0.49414839996384385], [0.4938610098367896, 0.46158300857959184], [0.4947870041132225, 0.4643609590590903]], "t_opt": [18576000.0, 18579600.0, 18583200.0, 18586800.0, 18590400.0, 18594000.0, 18597600.0, 18601200.0, 18604800.0, 18608400.0, 18612000.0, 18615600.0, 18619200.0, 18622800.0, 18626400.0, 18630000.0, 18633600.0, 18637200.0, 18640800.0, 18644400.0, 18648000.0, 18651600.0, 18655200.0, 18658800.0]}