{"energy": 128.170157933526, "energy_cost": 28.69435461832139, "max_temp_violation": 1.5571954689898462, "total_temp_violation": 17.997752082662217, "core_Zone_temp_violation": 1.0698999600677581, "east_Zone_temp_violation": 2.4886073775801236, "north_Zone_temp_violation": 1.4352871409760581, "south_Zone_temp_violation": 7.28655250634732, "west_Zone_temp_violation": 5.717405097690957, "high_price_period_load": 114.53194172749377, "low_price_period_load": 13.638216206032263}