{"energy": 134.26731911324921, "energy_cost": 34.489274018792585, "max_temp_violation": 1.025053600238948, "total_temp_violation": 14.289353419347549, "core_Zone_temp_violation": 0.834550175431346, "east_Zone_temp_violation": 2.175287171152931, "north_Zone_temp_violation": 0.9313732334356928, "south_Zone_temp_violation": 5.664457446431555, "west_Zone_temp_violation": 4.683685392896024, "high_price_period_load": 124.47693300330008, "low_price_period_load": 9.79038610994914}