{"energy": 132.53161785104498, "energy_cost": 24.361929779965692, "max_temp_violation": 0.728518590212218, "total_temp_violation": 12.316955049326296, "core_Zone_temp_violation": 0.6547097287783572, "east_Zone_temp_violation": 1.7126147970352008, "north_Zone_temp_violation": 0.7830212988418026, "south_Zone_temp_violation": 4.983456132613611, "west_Zone_temp_violation": 4.183153092057324, "high_price_period_load": 78.65647797364485, "low_price_period_load": 53.87513987740014}