{"energy": 137.99208985074785, "energy_cost": 24.888981215091306, "max_temp_violation": 0.7284666444605818, "total_temp_violation": 12.219546848611074, "core_Zone_temp_violation": 0.6472671591235439, "east_Zone_temp_violation": 1.6850541157043608, "north_Zone_temp_violation": 0.7906274307054701, "south_Zone_temp_violation": 4.890367924408679, "west_Zone_temp_violation": 4.20623021866902, "high_price_period_load": 80.2028897615274, "low_price_period_load": 57.78920008922042}