{"energy": 132.74751889826493, "energy_cost": 24.468672235803083, "max_temp_violation": 0.7301627675202553, "total_temp_violation": 12.320535477275868, "core_Zone_temp_violation": 0.6597521581616519, "east_Zone_temp_violation": 1.725856447648539, "north_Zone_temp_violation": 0.785180000552046, "south_Zone_temp_violation": 4.9402487676000675, "west_Zone_temp_violation": 4.209498103313564, "high_price_period_load": 78.95418605237425, "low_price_period_load": 53.7933328458907}