{"energy": 141.6055844490351, "energy_cost": 25.03566116500982, "max_temp_violation": 0.7303274048850312, "total_temp_violation": 12.322801799123056, "core_Zone_temp_violation": 0.6600468884561081, "east_Zone_temp_violation": 1.7266414316663088, "north_Zone_temp_violation": 0.7850277907516272, "south_Zone_temp_violation": 4.940039783387789, "west_Zone_temp_violation": 4.211045904861223, "high_price_period_load": 78.955574370135, "low_price_period_load": 62.65001007890008}