{"energy": 121.83462377803978, "energy_cost": 24.673012190265382, "max_temp_violation": 1.024178204695545, "total_temp_violation": 14.270693579145345, "core_Zone_temp_violation": 0.8331466304547206, "east_Zone_temp_violation": 2.1783590519382443, "north_Zone_temp_violation": 0.9343183916490432, "south_Zone_temp_violation": 5.650592031663081, "west_Zone_temp_violation": 4.674277473440256, "high_price_period_load": 90.56322580030293, "low_price_period_load": 31.27139797773684}