{"energy": 122.6681068538085, "energy_cost": 25.27095469682141, "max_temp_violation": 1.191166516226076, "total_temp_violation": 17.808724957931076, "core_Zone_temp_violation": 1.0892014218791815, "east_Zone_temp_violation": 2.8902404950617466, "north_Zone_temp_violation": 1.3166469488455732, "south_Zone_temp_violation": 7.0166066268432274, "west_Zone_temp_violation": 5.496029465301348, "high_price_period_load": 95.06274632884062, "low_price_period_load": 27.605360524967892}