{"energy": 150.54268270176806, "energy_cost": 26.19223490115536, "max_temp_violation": 0.7301982112094265, "total_temp_violation": 12.325937077019319, "core_Zone_temp_violation": 0.6599254875365688, "east_Zone_temp_violation": 1.72619953388741, "north_Zone_temp_violation": 0.7853323003137547, "south_Zone_temp_violation": 4.939846008286565, "west_Zone_temp_violation": 4.21463374699502, "high_price_period_load": 86.73053816982056, "low_price_period_load": 63.8121445319475}