{"energy": 132.804866447049, "energy_cost": 24.459711291042474, "max_temp_violation": 0.7283672647181447, "total_temp_violation": 12.277699084956097, "core_Zone_temp_violation": 0.6577321641311613, "east_Zone_temp_violation": 1.7210411533781809, "north_Zone_temp_violation": 0.7961247935912041, "south_Zone_temp_violation": 4.900826669437265, "west_Zone_temp_violation": 4.201974304418286, "high_price_period_load": 78.92945903802533, "low_price_period_load": 53.875407409023666}