{"energy": 129.106414129498, "energy_cost": 24.24016569614446, "max_temp_violation": 0.7301572307238189, "total_temp_violation": 12.332647953889975, "core_Zone_temp_violation": 0.6597560170810794, "east_Zone_temp_violation": 1.7283963466349235, "north_Zone_temp_violation": 0.7837157094316609, "south_Zone_temp_violation": 4.9421835226064985, "west_Zone_temp_violation": 4.218596358135812, "high_price_period_load": 78.98128709994874, "low_price_period_load": 50.12512702954926}